<?xml version="1.0" encoding="UTF-8" ?>
<templates id="template" xml:space="preserve">
    <t t-name="order_type.ControlButtons"
       t-inherit="point_of_sale.ControlButtons"
       t-inherit-mode="extension">
        <xpath expr="//t[@t-if='props.showRemainingButtons']/div/OrderlineNoteButton"
               position="after">
            <t t-if="pos.config.is_order_type and pos.config.order_type_ids.length > 0">
           <button class="btn btn-secondary btn-lg py-5"
                   t-on-click="() => this.onTypeClick()">
               <i class="fa fa-truck" role="img" aria-label="Set Order Type"
                  title="Set Order Type"/>Order Type
           </button>
            </t>
        </xpath>
    </t>
</templates>