<?xml version="1.0" encoding="UTF-8"?>
<templates>
    <t t-name="crm_dashboard.CrmDashboard">
        <div class=""
             style="max-height: 100vh; overflow-y: auto; padding: 10px;">
            <center>
                <h1 style="margin: 20px;">Crm Dashboard</h1>
            </center>
<!--            <t t-if="isCrmManager">-->
                <div>
                    <div id="company_detailss" style="font-size:15px;margin-left:15px;"/>
                </div>
<!--            </t>-->
            <div style="width:20px;">
                <select id="filter" t-on-change="onChangeFilter">
                    <option value="today">Today</option>
                    <option value="this_month">This Month</option>
                    <option value="this_year">This Year</option>
                    <option value="previous_year">Previous Year</option>
                </select>
            </div>
            <!-- Main content starts here -->
            <div class="row main-section"
                 style="margin-left: 0; margin-right: 10px;">

                <!-- Lead Tile -->
                <div id="leads" t-on-click="redirectToLeads"
                     class="col-md-2 col-sm-6 tot_tasks oh-payslip"
                     style="padding: 30px;">
                    <div class="oh-card"
                         style="box-shadow: 0 4px 12px rgba(0, 0, 0, 0.2); display: flex; justify-content: center; height: 200px; border-radius: 10px; background-color: #f9f9f9; transition: transform 0.3s;">
                        <div class="oh-card-body"
                             style="padding: 5px; display: flex; flex-direction: column; justify-content: center; align-items: center;">
                            <div class="stat-widget-one"
                                 style="text-align: center;">
                                <div class="stat-icon bg-mauve-light"
                                     style="border-radius: 50%; width: 70px; height: 70px; background: #ff4d94; display: flex; justify-content: center; align-items: center; margin: 0 auto;">
                                    <i class="fa fa-tasks text-white"
                                       style="font-size: 36px;"/>
                                </div>
                                <div class="stat_content"
                                     style="text-align: center; font-weight: bold; padding-top: 10px;">
                                    <div class="stat_count_lead"
                                         style="font-size: 24px;">
                                        <div id="my_lead"/>
                                    </div>
                                    <div class="stat-head"
                                         style="font-size: 14px;">My Leads
                                    </div>
                                </div>
                            </div>
                        </div>
                    </div>
                </div>

                <!-- Opportunity Tile -->
                <div id="opportunity" t-on-click="redirectToOpportunity"
                     class="col-md-2 col-sm-6 tot_tasks oh-payslip"
                     style="padding: 30px;">
                    <div class="oh-card"
                         style="box-shadow: 0 4px 12px rgba(0, 0, 0, 0.2); display: flex; justify-content: center; height: 200px; border-radius: 10px; background-color: #f9f9f9; transition: transform 0.3s;">
                        <div class="oh-card-body"
                             style="padding: 5px; display: flex; flex-direction: column; justify-content: center; align-items: center;">
                            <div class="stat-widget-one"
                                 style="text-align: center;">
                                <div class="stat-icon bg-mauve-light"
                                     style="border-radius: 50%; width: 70px; height: 70px; background: yellow; display: flex; justify-content: center; align-items: center; margin: 0 auto;">
                                    <i class="fa fa-trophy text-dark"
                                       style="font-size: 36px;"/>
                                </div>
                                <div class="stat-content"
                                     style="text-align: center; font-weight: bold; padding-top: 10px;">
                                    <div class="stat_count_opp"
                                         style="font-size: 24px;">
                                        <div id="my_opportunity"/>
                                    </div>
                                    <div class="stat-head"
                                         style="font-size: 14px;">My Opportunity
                                    </div>
                                </div>
                            </div>
                        </div>
                    </div>
                </div>

                <!-- Expected Revenue -->
                <div id="expected_revenue"
                     class="col-md-2 col-sm-6 tot_tasks oh-payslip"
                     style="padding: 30px;">
                    <div class="oh-card"
                         style="box-shadow: 0 4px 12px rgba(0, 0, 0, 0.2); display: flex; justify-content: center; height: 200px; border-radius: 10px; background-color: #f9f9f9; transition: transform 0.3s;">
                        <div class="oh-card-body"
                             style="padding: 5px; display: flex; flex-direction: column; justify-content: center; align-items: center;">
                            <div class="stat-widget-one"
                                 style="text-align: center;">
                                <div class="stat-icon bg-mauve-light"
                                     style="border-radius: 50%; width: 70px; height: 70px; background: #bf80ff; display: flex; justify-content: center; align-items: center; margin: 0 auto;">
                                    <i class="fa fa-usd text-white"
                                       style="font-size: 36px;"/>
                                </div>
                                <div class="stat-content"
                                     style="text-align: center; font-weight: bold; padding-top: 10px;">
                                    <div class="stat_count_ex_rev"
                                         style="font-size: 24px;">
                                        <div id="revenue"/>
                                    </div>
                                    <div class="stat-head"
                                         style="font-size: 14px;">Expected
                                        Revenue
                                    </div>
                                </div>
                            </div>
                        </div>
                    </div>
                </div>

                <!-- Invoiced Amount -->
                <div id="invoiced_revenue"
                     class="col-md-2 col-sm-6 tot_tasks oh-payslip"
                     style="padding: 30px;">
                    <div class="oh-card"
                         style="box-shadow: 0 4px 12px rgba(0, 0, 0, 0.2); display: flex; justify-content: center; height: 200px; border-radius: 10px; background-color: #f9f9f9; transition: transform 0.3s;">
                        <div class="oh-card-body"
                             style="padding: 5px; display: flex; flex-direction: column; justify-content: center; align-items: center;">
                            <div class="stat-widget-one"
                                 style="text-align: center;">
                                <div class="stat-icon bg-mauve-light"
                                     style="border-radius: 50%; width: 70px; height: 70px; background: #bf80ff; display: flex; justify-content: center; align-items: center; margin: 0 auto;">
                                    <i class="fa fa-usd text-white"
                                       style="font-size: 36px;"/>
                                </div>
                                <div class="stat-content"
                                     style="text-align: center; font-weight: bold; padding-top: 10px;">
                                    <div class="stat_count_ex_rev"
                                         style="font-size: 24px;">
                                        <div id="invoiced_amount"/>
                                    </div>
                                    <div class="stat-head"
                                         style="font-size: 14px;">Revenue
                                    </div>
                                </div>
                            </div>
                        </div>
                    </div>
                </div>

                <!-- Win Ratio -->
                <div id="win_ratio"
                     class="col-md-2 col-sm-6 tot_tasks oh-payslip"
                     style="padding: 30px;">
                    <div class="oh-card"
                         style="box-shadow: 0 4px 12px rgba(0, 0, 0, 0.2); display: flex; justify-content: center; height: 200px; border-radius: 10px; background-color: #f9f9f9; transition: transform 0.3s;">
                        <div class="oh-card-body"
                             style="padding: 5px; display: flex; flex-direction: column; justify-content: center; align-items: center;">
                            <div class="stat-widget-one"
                                 style="text-align: center;">
                                <div class="stat-icon bg-mauve-light"
                                     style="border-radius: 50%; width: 70px; height: 70px; background: #bf80ff; display: flex; justify-content: center; align-items: center; margin: 0 auto;">
                                    <i class="fa fa-usd text-white"
                                       style="font-size: 36px;"/>
                                </div>
                                <div class="stat-content"
                                     style="font-weight: bold; padding-top: 10px;">
                                    <div class="stat_count_win_ratio"
                                         style="font-size: 20px; display: flex; justify-content: center; align-items: center; gap: 20px;">
                                        <div style="text-align: center;">
                                            <h4 style="margin: 0; font-size: 16px;">
                                                Won:
                                            </h4>
                                            <span id="won"
                                                  style="font-size: 20px; font-weight: normal;"/>
                                        </div>
                                        <div style="text-align: center;">
                                            <h4 style="margin: 0; font-size: 16px;">
                                                Lost:
                                            </h4>
                                            <span id="lost"
                                                  style="font-size: 20px; font-weight: normal;"/>
                                        </div>
                                    </div>
                                    <div class="stat-head"
                                         style="font-size: 14px; margin-top: 10px;">
                                        Win Ratio
                                    </div>
                                </div>
                            </div>
                        </div>
                    </div>
                </div>


                <div class="col-md-12 tot_tasks oh-payslip"
                     style="padding: 30px;">
                    <div class="row" style="margin: 0;">
                        <!-- Bar Chart -->
                        <div id="bar_chart" class="col-md-6"
                             style="padding: 10px;">
                            <div class="oh-card"
                                 style="box-shadow: 2px 4px 8px 2px rgba(0, 0, 0, 0.2); height: 500px; display: flex; justify-content: center;">
                                <div class="oh-card-body"
                                     style="padding: 5px; display: flex; flex-direction: column; justify-content: center; height: 100%;">
                                    <div class="stat-content"
                                         style="text-align: center; font-weight: bold;">
                                        <canvas id="bar_canvas"
                                                style="margin: 20px; height: 400px; width: 100%;"/>
                                        <div class="stat-head"
                                             style="font-size: 14px;">Lost
                                            Opportunity/Lead
                                        </div>
                                    </div>
                                </div>
                            </div>
                        </div>

                        <!-- Pie Chart -->
                        <div id="pie_chart" class="col-md-6"
                             style="padding: 10px;">
                            <div class="oh-card"
                                 style="box-shadow: 2px 4px 8px 2px rgba(0, 0, 0, 0.2); height: 500px; display: flex; justify-content: center;">
                                <div class="oh-card-body"
                                     style="padding: 5px; display: flex; flex-direction: column; justify-content: center; height: 100%;">
                                    <div class="stat-content"
                                         style="text-align: center; font-weight: bold;">
                                        <canvas id="pie_canvas"
                                                style="height: 500px; width: 100%;"/>
                                        <div class="stat-head"
                                             style="font-size: 14px;">Pie Chart
                                        </div>
                                    </div>
                                </div>
                            </div>
                        </div>

                        <!-- Doughnut Chart -->
                        <div id="doughnut_chart" class="col-md-6"
                             style="padding: 10px;">
                            <div class="oh-card"
                                 style="box-shadow: 2px 4px 8px 2px rgba(0, 0, 0, 0.2); height: 500px; display: flex; justify-content: center;">
                                <div class="oh-card-body"
                                     style="padding: 5px; display: flex; flex-direction: column; justify-content: center; height: 100%;">
                                    <div class="stat-content"
                                         style="text-align: center; font-weight: bold;">
                                        <canvas id="doughnut_canvas"
                                                style="height: 500px; width: 100%;"/>
                                        <div class="stat-head"
                                             style="font-size: 14px;">Doughnut
                                            Chart
                                        </div>
                                    </div>
                                </div>
                            </div>
                        </div>

                        <!-- Line Chart -->
                        <div id="line_chart" class="col-md-6"
                             style="padding: 10px;">
                            <div class="oh-card"
                                 style="box-shadow: 2px 4px 8px 2px rgba(0, 0, 0, 0.2); height: 500px; display: flex; justify-content: center;">
                                <div class="oh-card-body"
                                     style="padding: 5px; display: flex; flex-direction: column; justify-content: center; height: 100%;">
                                    <div class="stat-content"
                                         style="text-align: center; font-weight: bold;">
                                        <canvas id="line_canvas"
                                                style="height: 250px; width: 100%;"/>
                                        <div class="stat-head"
                                             style="font-size: 14px;">Line Chart
                                        </div>
                                    </div>
                                </div>
                            </div>
                        </div>

                        <!-- Table Chart -->
                        <div id="table_chart" class="col-md-12"
                             style="padding: 10px;">
                            <div class="oh-card"
                                 style="box-shadow: 2px 4px 8px 2px rgba(0, 0, 0, 0.2); height: 500px; display: flex; justify-content: center;">
                                <div class="oh-card-body"
                                     style="padding: 5px; display: flex; flex-direction: column; justify-content: center; height: 100%;">
                                    <div class="stat-content"
                                         style="text-align: center; font-weight: bold;">
                                        <table style="width: 100%; border-collapse: collapse; margin: 20px 0; font-size: 16px; font-family: Arial, sans-serif;">
                                            <tr>
                                                <t t-foreach="state.monthList"
                                                   t-as="mon" t-key="mon[0]">
                                                    <th style="padding: 12px; border: 1px solid #ddd; text-align: center;">
                                                        <t t-esc="mon"/>
                                                    </th>
                                                </t>
                                            </tr>
                                            <tr>
                                                <t t-foreach="state.leadByMonth"
                                                   t-as="mon" t-key="mon[0]">
                                                    <td style="padding: 12px; border: 1px solid #ddd; text-align: center; background-color: #f9f9f9;">
                                                        <t t-esc="mon"/>
                                                    </td>
                                                </t>
                                            </tr>
                                        </table>
                                        <div class="stat-head"
                                             style="font-size: 14px;">Lead By
                                            Month
                                        </div>
                                    </div>
                                </div>
                            </div>
                        </div>
                    </div>
                </div>
            </div>
        </div>
    </t>
</templates>
